{"train/loss": 0.4577, "train/learning_rate": 2e-06, "train/epoch": 0.47, "train/global_step": 400, "_timestamp": 1698417722.2648728, "_runtime": 38085.73211979866, "_step": 60, "eval/loss": 0.4415822923183441, "eval/runtime": 1257.9718, "eval/samples_per_second": 9.695, "eval/steps_per_second": 1.212, "train/train_runtime": 38087.2283, "train/train_samples_per_second": 1.344, "train/train_steps_per_second": 0.011, "train/total_flos": 4.139393648783524e+17, "train/train_loss": 0.5101738035678863, "_wandb": {"runtime": 38085}}